Date,Open Price,High Price,Low Price,Close Price,WAP,No.of Shares,No. of Trades,Total Turnover (Rs.),Deliverable Quantity,% Deli. Qty to Traded Qty,Spread High-Low,Spread Close-Open
11-June-2021,556.40,558.90,551.50,554.30,555.319138407800902343,377905,9344,209857879.00,136241,36.05,7.40,-2.10
10-June-2021,544.80,555.40,544.80,554.25,552.805444674627636580,178119,4272,98465153.00,46140,25.90,10.60,9.45
9-June-2021,554.70,554.70,542.35,544.05,547.315129081383571725,274478,5417,150225962.00,60480,22.03,12.35,-10.65
8-June-2021,550.80,555.50,549.50,550.50,552.366233827350559508,297493,9634,164325088.00,115998,38.99,6.00,-0.30
7-June-2021,544.00,551.15,543.00,548.30,548.127322920918641373,186188,4157,102054730.00,53232,28.59,8.15,4.30
4-June-2021,544.40,545.70,540.45,541.10,542.725721222507854898,224064,4711,121605296.00,60601,27.05,5.25,-3.30
3-June-2021,546.00,550.00,538.35,539.00,542.258307917981405460,284277,8273,154151565.00,89737,31.57,11.65,-7.00
2-June-2021,542.70,544.95,533.05,543.05,538.222905591665774089,177389,4185,95474823.00,35714,20.13,11.90,0.35
1-June-2021,539.90,547.00,539.80,542.70,543.086429407516250342,200765,4293,109032747.00,34577,17.22,7.20,2.80
31-May-2021,539.45,540.35,531.20,538.90,537.118057345526904558,193982,3984,104191235.00,40528,20.89,9.15,-0.55
28-May-2021,540.40,541.00,532.60,538.65,536.211575515843673594,370558,9751,198697489.00,98015,26.45,8.40,-1.75
27-May-2021,528.00,545.00,525.20,541.30,537.421709448845215414,478704,9038,257265922.00,64827,13.54,19.80,13.30
26-May-2021,515.70,530.40,515.10,527.20,525.681773141137098734,320922,5729,168702846.00,48621,15.15,15.30,11.50
25-May-2021,517.40,524.70,515.75,517.50,520.267574875506808692,348011,8338,181058839.00,108800,31.26,8.95,0.10
24-May-2021,512.90,518.50,510.00,514.95,515.719021253280272226,138708,3121,71534354.00,30839,22.23,8.50,2.05
21-May-2021,509.40,515.85,509.40,512.70,513.024980293849989681,295593,8731,151646593.00,137542,46.53,6.45,3.30
20-May-2021,515.15,517.15,503.80,508.40,510.033937622438508660,160795,4588,82010907.00,40408,25.13,13.35,-6.75
19-May-2021,508.00,517.75,505.05,511.55,513.162155847996451279,338150,7851,173525783.00,99066,29.30,12.70,3.55
18-May-2021,505.00,514.75,501.75,508.25,509.916421389063832157,233409,4118,119019082.00,47626,20.40,13.00,3.25
17-May-2021,499.40,503.70,495.00,499.65,499.816650706922773615,177530,3804,88732450.00,33286,18.75,8.70,0.25
14-May-2021,508.25,510.85,492.75,498.35,497.643347461189608359,404402,12789,201247965.00,105208,26.02,18.10,-9.90
12-May-2021,521.45,522.15,496.65,507.85,511.128571499780675519,401232,5292,205081139.00,90314,22.51,25.50,-13.60
11-May-2021,519.00,523.40,514.00,518.25,517.768201911814712661,370538,10714,191852794.00,100501,27.12,9.40,-0.75
10-May-2021,516.10,528.35,513.25,526.00,521.453634536129462507,416862,5980,217374205.00,74088,17.77,15.10,9.90
7-May-2021,512.45,516.50,507.40,515.15,512.933985155792893907,673394,12105,345406668.00,140889,20.92,9.10,2.70
6-May-2021,496.90,514.85,487.45,512.45,506.294919803491698931,1321878,22215,669260116.00,345238,26.12,27.40,15.55
5-May-2021,485.95,495.85,484.65,490.80,490.834492533535813718,395100,5489,193928708.00,51059,12.92,11.20,4.85
4-May-2021,487.00,487.50,477.80,481.85,482.243259291419523313,469869,10880,226591158.00,101959,21.70,9.70,-5.15
3-May-2021,492.40,495.95,483.15,487.50,488.910573106609839330,341385,5598,166906736.00,53808,15.76,12.80,-4.90
30-April-2021,491.50,511.95,489.40,492.40,501.564297397447639817,1478318,23113,741471529.00,174419,11.80,22.55,0.90
29-April-2021,494.00,494.00,485.70,489.90,489.418315449663475692,394028,7995,192844520.00,110851,28.13,8.30,-4.10
28-April-2021,488.00,493.00,481.50,489.45,487.845644542574856969,350101,4640,170795248.00,47428,13.55,11.50,1.45
27-April-2021,481.80,486.90,481.15,485.00,484.100096816493935692,244793,3757,118504315.00,42328,17.29,5.75,3.20
26-April-2021,478.10,483.50,477.15,480.10,479.650851397655049995,363931,4862,174559814.00,41698,11.46,6.35,2.00
23-April-2021,483.80,487.35,474.40,475.70,481.718911565665636212,523394,7325,252128788.00,61254,11.70,12.95,-8.10
22-April-2021,470.00,494.50,470.00,486.60,484.590321931589537223,1640100,17534,794776587.00,357144,21.78,24.50,16.60
20-April-2021,478.85,478.85,467.05,469.95,471.137268024428898321,702283,8009,330871694.00,83716,11.92,11.80,-8.90
19-April-2021,463.20,478.00,460.80,472.65,470.430404508742221890,2020253,32230,950388436.00,506995,25.10,17.20,9.45
16-April-2021,442.00,473.50,437.00,469.25,464.341322169361607402,5049338,79418,2344616283.00,1625952,32.20,36.50,27.25
15-April-2021,420.40,434.00,415.00,431.00,428.083653904624422641,756462,10311,323829017.00,93370,12.34,19.00,10.60
13-April-2021,430.50,437.35,412.75,418.65,423.305687101724923547,882242,8515,373458056.00,252320,28.60,24.60,-11.85
12-April-2021,450.00,454.55,429.80,432.50,437.116811399985533013,525334,8140,229632323.00,117096,22.29,24.75,-17.50
9-April-2021,443.10,452.00,439.90,449.45,446.480780224158539331,346362,5246,154643976.00,107886,31.15,12.10,6.35
8-April-2021,442.50,445.50,440.20,441.90,441.019720593327781259,1397676,14500,616402679.00,957876,68.53,5.30,-0.60
7-April-2021,425.90,440.00,423.05,438.00,431.940135930958087954,319574,5066,138036837.00,82460,25.80,16.95,12.10
6-April-2021,428.00,429.00,422.25,426.95,426.074643308650893985,442960,8786,188734024.00,165171,37.29,6.75,-1.05
5-April-2021,418.80,427.70,416.40,425.50,423.449888352252363131,739379,8343,313089955.00,102437,13.85,11.30,6.70
1-April-2021,419.10,422.75,414.50,416.20,417.979356480431801322,454283,7310,189880916.00,101401,22.32,8.25,-2.90
31-March-2021,418.00,419.40,413.30,414.20,415.656762492764808026,171039,2790,71093517.00,35887,20.98,6.10,-3.80
30-March-2021,405.00,419.90,405.00,417.90,413.094173474291206150,332960,7134,137543836.00,70532,21.18,14.90,12.90
26-March-2021,404.30,407.55,400.80,403.85,404.146171563772915275,446318,8517,180377711.00,85163,19.08,6.75,-0.45
25-March-2021,410.95,411.35,398.00,399.80,402.837222007053019956,245285,5012,98809928.00,71951,29.33,13.35,-11.15
24-March-2021,412.00,415.45,409.20,410.95,411.845994818958897636,237018,8818,97614914.00,87864,37.07,6.25,-1.05
23-March-2021,419.00,423.30,412.85,415.65,417.120148231528696972,294944,3920,123027085.00,50972,17.28,10.45,-3.35
22-March-2021,410.60,416.20,410.20,414.15,413.719799536872707604,354978,7386,146861427.00,105586,29.74,6.00,3.55
19-March-2021,409.90,413.45,399.45,410.55,409.004067491006796828,1131410,6521,462751292.00,75959,6.71,14.00,0.65
18-March-2021,424.80,424.80,404.40,410.10,414.656190586468749182,267721,4756,111012170.00,74821,27.95,20.40,-14.70
17-March-2021,429.00,435.50,417.80,419.55,428.801961213783792517,278501,4496,119421775.00,47651,17.11,17.70,-9.45
16-March-2021,426.55,434.90,425.80,429.25,431.026346173197820065,755252,13382,325533510.00,339292,44.92,9.10,2.70
15-March-2021,425.00,428.65,418.00,426.40,424.750253664036076662,212880,3242,90420834.00,48961,23.00,10.65,1.40
12-March-2021,430.25,431.80,422.25,425.00,427.560823677217988171,228439,3873,97671567.00,33808,14.80,9.55,-5.25
10-March-2021,426.45,430.50,423.00,426.65,427.115064702337530527,504464,6958,215464174.00,70054,13.89,7.50,0.20
9-March-2021,418.60,422.55,410.15,418.80,416.607150559985496328,319919,5933,133280543.00,76223,23.83,12.40,0.20
8-March-2021,425.80,425.80,415.50,416.85,418.753157498444985213,458195,7655,191870603.00,119947,26.18,10.30,-8.95
5-March-2021,440.00,440.00,417.00,420.40,425.864346592216195922,2173436,39865,925588902.00,565505,26.02,23.00,-19.60
4-March-2021,430.10,444.25,423.85,438.85,435.851817506970923588,1243379,11806,541928997.00,717823,57.73,20.40,8.75
3-March-2021,433.70,436.35,428.50,435.45,432.423798253071098449,937531,13936,405410716.00,256835,27.39,7.85,1.75
2-March-2021,419.00,433.00,418.35,430.70,427.469158456498483227,659954,6918,282109981.00,98097,14.86,14.65,11.70
1-March-2021,411.00,418.70,409.60,414.35,414.940353409771909319,302029,4597,125324020.00,48716,16.13,9.10,3.35
26-February-2021,416.00,419.75,408.00,410.20,413.377491824351775997,600564,18315,248259640.00,184807,30.77,11.75,-5.80
25-February-2021,428.00,429.00,420.50,421.40,423.520099569625343380,810689,4658,343343086.00,528093,65.14,8.50,-6.60
24-February-2021,418.70,457.05,411.00,420.20,422.798479196136058809,1364410,14912,576870473.00,790646,57.95,46.05,1.50
23-February-2021,420.00,426.00,414.25,415.50,419.248519357775066333,258165,4176,108235294.00,48739,18.88,11.75,-4.50
22-February-2021,430.20,432.65,416.15,418.70,423.016132750129309375,355736,5245,150482067.00,95761,26.92,16.50,-11.50
19-February-2021,432.35,435.60,426.15,429.90,431.252858620180233417,439985,8799,189744789.00,118241,26.87,9.45,-2.45
18-February-2021,431.00,436.50,429.35,433.00,432.736357592565948431,403118,7460,174443815.00,115288,28.60,7.15,2.00
17-February-2021,437.50,438.90,429.00,430.30,432.415519009169608631,343308,4606,148451707.00,126092,36.73,9.90,-7.20
16-February-2021,447.00,447.65,433.80,437.35,440.947795653820858964,430309,4831,189743805.00,75163,17.47,13.85,-9.65
15-February-2021,445.00,445.00,436.95,439.70,440.505634154822445342,184056,3157,81077705.00,38135,20.72,8.05,-5.30
12-February-2021,443.70,449.25,439.80,441.95,444.492783889419157963,574132,6947,255197531.00,55833,9.72,9.45,-1.75
11-February-2021,439.95,440.65,433.45,436.10,435.837171635517987739,341427,5049,148806578.00,171022,50.09,7.20,-3.85
10-February-2021,443.00,444.15,434.90,439.00,438.064698010571554127,402779,4883,176443261.00,113610,28.21,9.25,-4.00
9-February-2021,440.00,451.50,435.25,438.95,445.449419394899729712,963047,12084,428988727.00,156116,16.21,16.25,-1.05
8-February-2021,430.00,437.50,426.55,435.25,431.513917175831636116,690837,11331,298105780.00,216031,31.27,10.95,5.25
5-February-2021,431.00,435.00,420.50,425.60,424.848603350160181742,311209,5394,132216709.00,106825,34.33,14.50,-5.40
4-February-2021,433.50,436.65,428.15,429.90,432.146165556168517223,813899,4474,351723332.00,602528,74.03,8.50,-3.60
3-February-2021,430.00,439.85,430.00,433.45,436.821088321673312480,586334,7208,256123056.00,275875,47.05,9.85,3.45
2-February-2021,428.00,435.65,423.90,428.15,427.335296484697916712,914516,9507,390804966.00,593114,64.86,11.75,0.15
1-February-2021,416.70,423.75,408.35,421.25,415.309177717098055887,672749,19068,279398834.00,139786,20.78,15.40,4.55
29-January-2021,438.20,438.20,415.70,418.05,426.934232268568667724,453277,6981,193519468.00,71362,15.74,22.50,-20.15
28-January-2021,442.50,448.20,427.40,431.75,439.923154817055519864,929271,8710,408807830.00,524070,56.40,20.80,-10.75
27-January-2021,439.00,454.80,437.30,446.25,448.872168311003828686,740724,11418,332490388.00,115878,15.64,17.50,7.25
25-January-2021,445.40,450.60,435.25,437.25,441.422921904614551502,517060,12295,228242136.00,155520,30.08,15.35,-8.15
22-January-2021,447.05,452.00,440.30,445.20,445.344065600606518947,530239,13032,236138792.00,203996,38.47,11.70,-1.85
21-January-2021,451.80,453.35,442.20,445.90,448.033874038759575504,880763,15064,394611659.00,270373,30.70,11.15,-5.90
20-January-2021,433.90,447.40,433.50,444.95,444.386922787973088395,1759687,21302,781981891.00,481846,27.38,13.90,11.05
19-January-2021,432.90,439.60,427.75,430.30,432.534120814056972219,679805,14384,294038858.00,145490,21.40,11.85,-2.60
18-January-2021,440.20,444.90,429.00,431.55,438.786222968564705764,798561,12221,350397565.00,95206,11.92,15.90,-8.65
15-January-2021,453.00,459.50,436.25,438.40,446.424648251289702628,1367951,27585,610687044.00,289258,21.15,23.25,-14.60
14-January-2021,452.80,466.00,431.00,454.45,451.523022975989916588,2500741,30717,1129142136.00,711024,28.43,35.00,1.65
13-January-2021,463.90,467.20,453.10,458.75,460.611375780429643653,1546584,27574,712374184.00,393902,25.47,14.10,-5.15
12-January-2021,448.45,460.90,442.25,457.70,451.451652374725159827,1319858,21705,595852075.00,352383,26.70,18.65,9.25
11-January-2021,439.80,450.80,435.10,446.80,444.197462032432774839,2020672,23104,897577374.00,692883,34.29,15.70,7.00
8-January-2021,407.95,432.60,407.55,430.15,420.582973965131657220,3479718,31999,1463510145.00,2054908,59.05,25.05,22.20
7-January-2021,410.00,412.90,404.00,406.75,406.792508434345454787,599928,11451,244046216.00,212145,35.36,8.90,-3.25
6-January-2021,406.15,417.30,403.50,406.55,410.172197236003801745,879596,11810,360785824.00,222770,25.33,13.80,0.40
5-January-2021,395.50,409.60,393.50,406.15,402.872077939320863382,1016791,12449,409636703.00,386697,38.03,16.10,10.65
4-January-2021,390.00,397.95,387.75,396.30,394.351471851914209609,629581,9288,248276194.00,234787,37.29,10.20,6.30
1-January-2021,385.85,390.40,384.95,387.95,388.038362357307783604,370728,6330,143856686.00,152934,41.25,5.45,2.10
31-December-2020,382.90,387.35,382.10,386.25,385.055784010935184492,521619,6121,200852413.00,140671,26.97,5.25,3.35
30-December-2020,387.50,387.50,382.80,384.40,384.903708340367173949,669383,4206,257647999.00,137194,20.50,4.70,-3.10
29-December-2020,384.75,390.40,383.25,384.95,387.730726922775026836,904539,7309,350717564.00,117463,12.99,7.15,0.20
28-December-2020,383.30,386.30,382.00,382.85,384.133820163487738419,412875,8266,158599251.00,163502,39.60,4.30,-0.45
24-December-2020,387.35,387.35,378.75,382.20,382.866953566724032804,480539,7698,183982503.00,98634,20.53,8.60,-5.15
23-December-2020,374.15,387.60,370.25,385.40,379.854735906907648616,1105311,27533,419857618.00,306792,27.76,17.35,11.25
22-December-2020,352.30,365.85,349.35,364.00,356.382175459814851746,621772,12615,221588458.00,264152,42.48,16.50,11.70
21-December-2020,362.50,367.40,348.30,354.70,360.181315584337710619,416925,5398,150168595.00,90228,21.64,19.10,-7.80
18-December-2020,359.65,365.60,357.70,363.50,362.713030542853792941,409392,5689,148491813.00,92063,22.49,7.90,3.85
17-December-2020,358.30,359.20,355.75,356.75,357.382004359845985517,119729,2041,42788990.00,32289,26.97,3.45,-1.55
16-December-2020,354.05,358.85,353.25,358.30,356.512046759313708060,365617,9441,130346865.00,215503,58.94,5.60,4.25
15-December-2020,349.90,353.95,347.65,352.95,351.924006421381464769,230480,4125,81111445.00,65287,28.33,6.30,3.05
14-December-2020,353.00,354.55,347.10,349.30,349.513347496767042305,259824,4185,90811956.00,82115,31.60,7.45,-3.70
11-December-2020,357.10,359.95,352.60,353.45,355.946280875088214537,283400,6724,100875176.00,95893,33.84,7.35,-3.65
10-December-2020,356.75,358.00,352.70,356.00,355.882561928365644696,397435,9254,141440186.00,117917,29.67,5.30,-0.75
9-December-2020,367.00,367.75,357.75,359.65,362.083936372517182440,748293,9707,270944875.00,288202,38.51,10.00,-7.35
8-December-2020,360.00,364.95,358.55,363.65,361.649420415988698427,792810,13080,286719277.00,365276,46.07,6.40,3.65
7-December-2020,362.80,362.80,357.75,358.55,359.102859326335217441,277408,5456,99618006.00,154565,55.72,5.05,-4.25
4-December-2020,360.35,362.35,359.00,360.75,360.590769471563007454,255565,3806,92154380.00,93703,36.66,3.35,0.40
3-December-2020,364.65,364.65,357.90,360.15,360.386915665847749976,934568,9164,336806079.00,640935,68.58,6.75,-4.50
2-December-2020,353.35,360.15,353.35,359.00,357.628120930480847710,711847,13997,254576505.00,403234,56.65,6.80,5.65
1-December-2020,353.00,353.70,346.35,352.90,351.075205800287026712,374878,8628,131610371.00,153501,40.95,7.35,-0.10
27-November-2020,355.00,357.50,348.05,350.50,352.704589241618852644,331667,7928,116980473.00,140436,42.34,9.45,-4.50
26-November-2020,350.40,356.15,347.25,355.05,352.047719423459605276,330662,7174,116408803.00,141935,42.92,8.90,4.65
25-November-2020,357.55,358.50,349.55,350.00,353.001061222654405647,444770,10027,157004282.00,168098,37.79,8.95,-7.55
24-November-2020,359.00,361.30,355.00,355.55,358.178490380935439878,556551,11303,199344597.00,227779,40.93,6.30,-3.45
23-November-2020,347.60,357.50,346.00,355.85,352.145593884435166032,781743,14235,275287353.00,380493,48.67,11.50,8.25
20-November-2020,343.95,348.45,342.10,346.40,346.003468962574361806,398390,7910,137844322.00,172349,43.26,6.35,2.45
19-November-2020,348.40,349.45,341.80,342.65,345.928284837559407087,353914,5683,122428863.00,147596,41.70,7.65,-5.75
18-November-2020,349.00,351.55,341.85,345.20,345.114819603516569669,316331,7840,109170516.00,126822,40.09,9.70,-3.80
17-November-2020,347.00,350.35,343.55,348.85,347.997095386598003015,397299,9272,138258898.00,200325,50.42,6.80,1.85
14-November-2020,346.50,347.55,343.30,345.65,345.936564623819022251,83723,3970,28962847.00,56757,67.79,4.25,-0.85
13-November-2020,343.55,346.15,342.60,344.15,344.823831825339298657,640144,3801,220736907.00,564793,88.23,3.55,0.60
12-November-2020,347.50,350.50,344.40,345.60,347.136213637749830449,219699,4717,76265479.00,87462,39.81,6.10,-1.90
11-November-2020,344.90,347.60,341.50,346.90,344.635199542228704214,143303,2757,49387258.00,40130,28.00,6.10,2.00
10-November-2020,351.50,351.50,341.25,342.20,343.647958833815243602,349996,4486,120275411.00,83930,23.98,10.25,-9.30
9-November-2020,349.35,352.50,347.25,351.85,350.485710271650093344,419952,9728,147187175.00,235493,56.08,5.25,2.50
6-November-2020,346.35,348.50,343.35,346.15,344.874823442911595689,206732,4805,71296662.00,83142,40.22,5.15,-0.20
5-November-2020,348.75,349.00,344.05,345.40,346.454811683320522674,130100,2807,45073771.00,38007,29.21,4.95,-3.35
4-November-2020,336.60,351.45,336.60,342.85,345.796092337079108329,393688,6883,136135772.00,59275,15.06,14.85,6.25
3-November-2020,336.80,339.40,332.70,335.60,336.276909656054407940,236142,5365,79409102.00,81044,34.32,6.70,-1.20
2-November-2020,342.40,342.40,334.10,334.90,336.365857417032066458,142766,2849,48021608.00,41160,28.83,8.30,-7.50
30-October-2020,340.00,345.00,338.60,340.65,341.328090940263048323,326632,6483,111488677.00,84444,25.85,6.40,0.65
29-October-2020,333.75,339.80,331.20,337.55,335.710571353744769747,164189,3186,55119983.00,35214,21.45,8.60,3.80
28-October-2020,335.00,339.80,334.45,335.60,335.543736523167004622,855635,7257,287102965.00,614107,71.77,5.35,0.60
27-October-2020,338.10,339.55,331.15,334.15,333.558884183062599403,279795,4924,93328108.00,149156,53.31,8.40,-3.95
26-October-2020,343.30,344.85,336.70,339.70,341.276380419789917802,320446,7131,109360651.00,106228,33.15,8.15,-3.60
23-October-2020,346.10,347.75,341.30,342.40,344.415146621580124349,276801,6281,95334457.00,101600,36.70,6.45,-3.70
22-October-2020,340.50,348.30,340.50,344.55,344.401868131868131868,318500,7543,109691995.00,94877,29.79,7.80,4.05
21-October-2020,349.60,350.15,339.10,343.50,345.066173089303780005,413174,9229,142572371.00,123723,29.94,11.05,-6.10
20-October-2020,344.50,349.50,342.25,346.75,347.071459276740689076,579239,10208,201037325.00,149721,25.85,7.25,2.25
19-October-2020,343.00,346.40,338.75,343.25,342.965895672914120816,339605,5256,116472933.00,64811,19.08,7.65,0.25
16-October-2020,342.90,348.10,338.85,339.55,342.531265512545096868,707089,8933,242200090.00,77772,11.00,9.25,-3.35
15-October-2020,350.60,354.10,339.20,341.50,346.143063652062496021,1461021,14370,505722285.00,659311,45.13,14.90,-9.10
14-October-2020,366.60,366.60,348.50,350.15,353.642352131649685805,2098539,29023,742132268.00,367482,17.51,18.10,-16.45
13-October-2020,378.00,381.70,373.00,375.75,376.651402993823185921,1576379,20031,593745362.00,351012,22.27,8.70,-2.25
12-October-2020,378.00,379.70,369.50,377.55,375.420643899628839790,2305204,29813,865421170.00,474894,20.60,10.20,-0.45
9-October-2020,363.00,375.85,355.00,374.10,365.717465002895005979,2217612,29762,811019439.00,444777,20.06,20.85,11.10
8-October-2020,348.70,367.75,346.80,359.45,357.469690658349642933,2866410,34268,1024654696.00,308226,10.75,20.95,10.75
7-October-2020,329.00,336.50,325.55,335.25,330.774747544400006129,522072,6385,172688234.00,105068,20.13,10.95,6.25
6-October-2020,333.15,335.95,323.00,330.00,328.089705127641167759,1022985,13948,335630847.00,373237,36.48,12.95,-3.15
5-October-2020,315.75,335.90,315.45,334.05,329.166701425824779289,1620676,21627,533472573.00,672714,41.51,20.45,18.30
1-October-2020,315.25,317.75,312.05,313.00,314.722471063018315668,248039,4651,78063447.00,70196,28.30,5.70,-2.25
30-September-2020,313.70,315.70,309.65,313.60,311.413004309563217858,777573,3265,242146344.00,564506,72.60,6.05,-0.10
29-September-2020,312.55,318.50,310.50,311.40,313.817592743958466039,354794,4356,111340599.00,43931,12.38,8.00,-1.15
28-September-2020,315.70,317.00,309.65,311.55,312.756584300826332618,349012,7015,109155801.00,65335,18.72,7.35,-4.15
25-September-2020,306.45,315.00,304.30,313.90,309.842399398522165128,417638,6311,129401960.00,55617,13.32,10.70,7.45
24-September-2020,314.25,314.25,302.15,304.60,309.464519040266232346,709155,4570,219458311.00,48795,6.88,12.10,-9.65
23-September-2020,315.00,321.70,311.20,314.50,316.634030219577565221,650704,10154,206035030.00,122860,18.88,10.50,-0.50
22-September-2020,315.25,318.70,303.75,312.25,310.970268400664084117,1228760,16060,382107827.00,234476,19.08,14.95,-3.00
21-September-2020,316.45,324.55,310.05,311.95,318.570991160551037726,800163,16023,254908720.00,208046,26.00,14.50,-4.50
18-September-2020,314.55,318.85,312.45,316.50,316.358556078217746467,407529,5838,128925286.00,82930,20.35,6.40,1.95
17-September-2020,307.00,316.70,307.00,311.65,313.250093472105782423,607133,7502,190184469.00,123832,20.40,9.70,4.65
16-September-2020,307.00,313.45,304.10,312.10,308.232027683109670308,649638,8287,200239238.00,326470,50.25,9.35,5.10
15-September-2020,307.40,311.15,302.75,307.30,307.431015720190964909,752599,10305,231372275.00,133142,17.69,8.40,-0.10
14-September-2020,294.00,308.30,293.05,307.15,302.132673464128034390,1187306,13361,358723936.00,359324,30.26,15.25,13.15
11-September-2020,282.65,298.30,282.65,293.05,293.396047536990180500,1548857,21060,454428522.00,571584,36.90,15.65,10.40
10-September-2020,286.10,286.95,281.20,284.95,283.873305909939986487,201288,3055,57140290.00,51481,25.58,5.75,-1.15
9-September-2020,280.40,289.30,278.90,282.75,284.083187529573404136,636129,6399,180713554.00,83946,13.20,10.40,2.35
8-September-2020,282.00,286.90,278.60,282.25,283.807673756085796542,530744,6399,150629220.00,104899,19.76,8.30,0.25
7-September-2020,277.00,279.50,271.75,278.65,275.684952440717950505,172101,2514,47445656.00,39407,22.90,7.75,1.65
4-September-2020,279.00,279.70,275.35,276.00,276.621599407782017887,906423,7408,250736180.00,663969,73.25,4.35,-3.00
3-September-2020,274.60,287.35,274.00,282.65,281.964761982958526675,1254469,16047,353716053.00,654912,52.21,13.35,8.05
2-September-2020,272.40,276.40,271.30,273.80,273.763307174135932005,208722,3380,57140425.00,67616,32.40,5.10,1.40
1-September-2020,270.00,279.35,269.10,271.75,273.769371222631520196,627090,9267,171678035.00,315414,50.30,10.25,1.75
31-August-2020,275.00,282.00,269.65,271.40,277.049576830002176668,546707,6253,151464943.00,191861,35.09,12.35,-3.60
28-August-2020,274.05,274.95,271.50,271.95,273.087214687396625868,120920,1701,33021706.00,41095,33.99,3.45,-2.10
27-August-2020,273.00,275.20,271.20,271.90,272.520650362940698755,358323,2404,97650417.00,193248,53.93,4.00,-1.10
26-August-2020,270.00,274.55,269.00,272.00,272.168994068215521502,501704,3381,136548273.00,186643,37.20,5.55,2.00
25-August-2020,275.00,275.00,269.50,269.90,270.990268962193533833,195046,3122,52855568.00,68219,34.98,5.50,-5.10
24-August-2020,275.00,275.50,271.80,272.70,272.874884222962871124,274234,5564,74831571.00,129125,47.09,3.70,-2.30
21-August-2020,277.50,278.15,272.75,273.35,275.419788799640510026,356060,6732,98065970.00,131861,37.03,5.40,-4.15
20-August-2020,279.00,279.00,273.60,274.25,275.087220347633765276,246869,3728,67910507.00,97643,39.55,5.40,-4.75
19-August-2020,284.20,285.70,279.15,279.60,282.028568545264234988,426098,4648,120171809.00,217609,51.07,6.55,-4.60
18-August-2020,284.20,287.25,281.85,282.55,284.169920630194929065,453447,7083,128855998.00,167222,36.88,5.40,-1.65
17-August-2020,276.70,286.30,276.70,282.35,281.950109048136379601,612115,9516,172585891.00,224604,36.69,9.60,5.65
14-August-2020,280.00,280.55,276.00,276.50,278.166683606057526171,167263,2270,46526994.00,55634,33.26,4.55,-3.50
13-August-2020,279.40,281.75,274.75,277.00,278.376644467173117011,1024648,4870,285238072.00,691407,67.48,7.00,-2.40
12-August-2020,281.00,281.00,274.65,276.20,276.036725888708793478,859421,5923,237231759.00,509270,59.26,6.35,-4.80
11-August-2020,279.70,284.60,278.65,279.50,280.977304707332994850,413610,4316,116215023.00,238317,57.62,5.95,-0.20
10-August-2020,280.95,281.25,276.75,277.15,277.982017868452738615,431039,2658,119821091.00,304763,70.70,4.50,-3.80
7-August-2020,280.10,281.55,276.50,277.25,278.369078897023187000,196015,2544,54564515.00,47153,24.06,5.05,-2.85
6-August-2020,282.90,284.40,277.75,279.45,280.695060795717272235,307094,3893,86199769.00,63639,20.72,6.65,-3.45
5-August-2020,281.80,284.40,277.50,278.15,280.481024818020290021,436175,5246,122338811.00,116181,26.64,6.90,-3.65
4-August-2020,282.00,283.40,278.25,281.10,280.326508758943992104,202650,2892,56808167.00,42712,21.08,5.15,-0.90
3-August-2020,283.00,284.55,279.70,281.30,281.626108185041486437,718066,6681,202226133.00,342279,47.67,4.85,-1.70
31-July-2020,287.00,290.65,278.70,280.60,283.637351242599506206,936424,8625,265604823.00,464845,49.64,11.95,-6.40
30-July-2020,278.80,286.75,278.80,284.05,284.509025996753293986,1168569,10992,332468428.00,637270,54.53,7.95,5.25
29-July-2020,274.50,278.00,273.00,277.00,276.301497904565091040,294211,3754,81290940.00,74423,25.30,5.00,2.50
28-July-2020,270.00,276.65,269.15,275.45,273.358181006047278724,1047744,8726,286409394.00,690776,65.93,7.50,5.45
27-July-2020,271.00,273.15,267.25,268.55,270.291816467677969275,528757,6475,142918690.00,153296,28.99,5.90,-2.45
24-July-2020,268.75,271.65,265.70,270.45,268.647485302074951707,1070049,9468,287465973.00,396374,37.04,5.95,1.70
23-July-2020,267.15,271.00,262.75,266.60,264.520410169240132171,849503,6032,224710882.00,58880,6.93,8.25,-0.55
22-July-2020,271.25,272.80,263.70,265.90,266.676665614878472061,431012,5818,114940843.00,89852,20.85,9.10,-5.35
21-July-2020,277.00,281.50,269.35,271.05,275.706603138482721655,1246271,18244,343605144.00,233590,18.74,12.15,-5.95
20-July-2020,261.50,273.45,259.00,270.85,263.641905142190477074,2369146,34849,624606165.00,1670935,70.53,14.45,9.35
17-July-2020,260.00,263.70,252.00,261.50,260.237008196721311475,854000,10296,222242405.00,165213,19.35,11.70,1.50
16-July-2020,263.00,268.30,255.10,262.00,261.867866081690113442,2878292,29289,753732184.00,875298,30.41,13.20,-1.00
15-July-2020,237.00,265.50,233.80,262.95,258.142342956246482546,6313161,76545,1629694172.00,1920628,30.42,31.70,25.95
14-July-2020,229.00,231.60,224.20,225.05,227.587399299961108950,449975,4823,102408640.00,100018,22.23,7.40,-3.95
13-July-2020,224.00,229.00,222.75,227.55,226.312360950662634181,385205,4592,87176653.00,77291,20.06,6.25,3.55
10-July-2020,221.60,223.45,219.45,222.00,221.705822164971999159,109461,1753,24268141.00,20023,18.29,4.00,0.40
9-July-2020,224.85,224.85,219.80,221.60,221.855945925496229413,198245,2445,43981832.00,56324,28.41,5.05,-3.25
8-July-2020,225.45,227.60,222.45,223.00,225.106298591998434547,551917,5868,124239993.00,379893,68.83,5.15,-2.45
7-July-2020,222.60,228.30,222.10,224.75,225.676909820574219624,420118,6025,94810932.00,146802,34.94,6.20,2.15
6-July-2020,226.80,227.25,221.80,222.75,224.317995979694047902,176106,2490,39503745.00,56485,32.07,5.45,-4.05
3-July-2020,224.00,228.40,222.80,224.70,225.718914746254391957,326449,5038,73685714.00,168454,51.60,5.60,0.70
2-July-2020,220.00,225.30,220.00,224.70,224.230597514696033931,322536,2827,72322440.00,197518,61.24,5.30,4.70
1-July-2020,220.10,222.00,218.35,218.95,219.599517830481924761,163428,2822,35888710.00,52968,32.41,3.65,-1.15
30-June-2020,219.75,221.85,218.00,219.70,220.058215377426451977,102722,1470,22604820.00,23381,22.76,3.85,-0.05
29-June-2020,224.00,225.85,218.65,219.65,221.773097314948109729,199363,2863,44213350.00,36226,18.17,7.20,-4.35
26-June-2020,218.75,229.90,218.60,225.35,226.000182678496591792,1395895,15892,315472525.00,445642,31.93,11.30,6.60
25-June-2020,217.90,221.95,215.50,218.45,218.990646674334832528,145189,2298,31795033.00,31424,21.64,6.45,0.55
24-June-2020,222.80,223.95,217.70,218.15,219.618691628640880208,234490,4277,51498387.00,70490,30.06,6.25,-4.65
23-June-2020,215.25,222.30,213.10,220.65,219.078960614924154819,220515,3765,48310197.00,62629,28.40,9.20,5.40
22-June-2020,222.15,222.15,216.90,218.00,218.262854359335388466,281247,5149,61385773.00,94386,33.56,5.25,-4.15
19-June-2020,217.00,223.90,215.00,222.15,218.236527655987143927,531422,5534,115975692.00,230878,43.45,8.90,5.15
18-June-2020,217.65,219.10,214.60,218.20,217.579527869476460312,441361,5373,96031118.00,105158,23.83,4.50,0.55
17-June-2020,210.60,218.55,210.60,217.85,216.277910746173932340,964306,9162,208558087.00,139799,14.50,7.95,7.25
16-June-2020,217.50,217.80,209.70,212.45,213.130947066333188978,2394563,13491,510355480.00,79691,3.33,8.10,-5.05
15-June-2020,212.00,217.95,208.05,213.75,213.056119015573928090,416080,5807,88648390.00,54681,13.14,9.90,1.75
12-June-2020,209.90,209.90,206.40,208.00,208.299788547453991560,985091,7959,205194247.00,88809,9.02,3.50,-1.90
11-June-2020,217.70,217.70,212.35,212.80,215.641538608990128110,313010,3246,67497958.00,40446,12.92,5.35,-4.90
10-June-2020,220.50,221.05,215.75,216.95,217.480577240572084022,682627,5771,148458114.00,51718,7.58,5.30,-3.55
9-June-2020,225.00,226.25,217.20,218.30,223.113422949670962389,302549,4313,67502743.00,123434,40.80,9.05,-6.70
8-June-2020,218.05,227.10,215.85,226.05,223.229277120880326194,784073,9125,175028049.00,454341,57.95,11.25,8.00
5-June-2020,219.50,220.10,215.25,218.80,218.013238621240351344,300560,3569,65526059.00,102268,34.03,4.85,-0.70
4-June-2020,212.90,220.00,210.20,217.05,214.551230274651654964,211213,3279,45316009.00,63857,30.23,9.80,4.15
3-June-2020,216.00,217.45,210.65,211.30,212.515847913118488863,226055,3262,48040270.00,86286,38.17,6.80,-4.70
2-June-2020,215.50,218.35,211.20,215.90,216.061169312868370934,310319,2754,67047886.00,167608,54.01,7.15,0.40
1-June-2020,214.00,220.40,213.45,214.75,217.187707252856996947,440585,5290,95689646.00,93410,21.20,6.95,0.75
29-May-2020,199.80,214.75,196.35,212.55,204.082109500032459926,2479981,10432,506119754.00,836458,33.73,18.40,12.75
28-May-2020,203.75,203.90,196.10,199.30,198.757457980869218912,271186,4247,53900240.00,60471,22.30,7.80,-4.45
27-May-2020,188.95,205.20,187.75,201.75,195.090277641582825053,611868,7601,119369498.00,275108,44.96,17.45,12.80
26-May-2020,189.00,193.15,185.95,188.95,189.985420264578310506,175449,4677,33332752.00,61689,35.16,7.20,-0.05
22-May-2020,188.20,190.60,186.50,188.90,188.688391455176191345,136925,1763,25836158.00,22364,16.33,4.10,0.70
21-May-2020,181.55,191.65,181.55,189.15,188.677821571106318633,161364,2565,30445808.00,41212,25.54,10.10,7.60
20-May-2020,184.00,185.85,182.40,185.00,184.250200006575558648,91247,1181,16812278.00,11220,12.30,3.45,1.00
19-May-2020,183.30,185.70,178.20,184.45,182.514704549163236813,110306,1736,20132467.00,25539,23.15,7.50,1.15
18-May-2020,183.00,184.90,179.75,182.30,181.806383017919505654,379977,2869,69082244.00,152073,40.02,5.15,-0.70
15-May-2020,186.05,186.30,182.80,183.50,184.374645080009777928,53181,990,9805228.00,17537,32.98,3.50,-2.55
14-May-2020,184.60,187.25,183.25,186.05,185.329353678722958960,105118,2479,19481451.00,26118,24.85,4.00,1.45
13-May-2020,192.00,192.00,185.20,189.70,188.232045759480262693,127449,2011,23989986.00,29894,23.46,6.80,-2.30
12-May-2020,184.00,187.95,183.00,187.00,185.881019830028328611,70247,1264,13057584.00,13389,19.06,4.95,3.00
11-May-2020,185.00,189.90,184.20,184.80,187.304135812359370537,143551,1742,26887696.00,30692,21.38,5.70,-0.20
8-May-2020,186.95,186.95,182.80,184.00,184.237973831678939807,77269,1901,14235884.00,17604,22.78,4.15,-2.95
7-May-2020,184.95,185.35,181.25,184.10,183.578912833518877592,135637,3472,24900093.00,27471,20.25,4.10,-0.85
6-May-2020,186.00,187.90,181.20,187.15,185.345819827533484190,98106,1918,18183537.00,19867,20.25,6.70,1.15
5-May-2020,191.80,193.35,182.25,184.00,187.638037449193464339,172714,3901,32407716.00,41142,23.82,11.10,-7.80
4-May-2020,185.00,191.10,183.30,190.15,188.135766384211090850,372920,7943,70159590.00,174608,46.82,7.80,5.15
30-April-2020,184.60,192.50,183.75,190.50,187.754597767291978363,260670,3996,48941991.00,111616,42.82,8.75,5.90
29-April-2020,180.40,182.40,179.40,180.70,180.846783536479614842,144149,2897,26068883.00,60732,42.13,3.00,0.30
28-April-2020,182.00,182.35,178.15,179.75,179.567465550957296830,109945,1783,19742545.00,31812,28.93,4.20,-2.25
27-April-2020,179.50,182.55,175.50,182.00,179.338701312447078746,188960,3890,33887841.00,47578,25.18,7.05,2.50
24-April-2020,181.00,181.00,177.00,177.65,178.237199351905743184,127142,3802,22661434.00,46468,36.55,4.00,-3.35
23-April-2020,180.85,182.50,177.30,181.15,180.702147611759840476,379631,2091,68600137.00,37351,9.84,5.20,0.30
22-April-2020,178.00,179.55,174.80,178.60,178.042241020472050885,290689,2425,51754921.00,79731,27.43,4.75,0.60
21-April-2020,181.00,181.00,174.00,178.15,176.893015814931058910,213153,3759,37705277.00,64620,30.32,7.00,-2.85
20-April-2020,188.00,188.55,180.20,181.15,183.429812829443780888,279638,6720,51293946.00,124306,44.45,8.35,-6.85
17-April-2020,190.00,193.50,185.60,187.00,188.393146506529406157,230802,5573,43481515.00,64058,27.75,7.90,-3.00
16-April-2020,175.30,189.55,175.30,188.10,186.578975944362605208,1438457,9057,268385834.00,167636,11.65,14.25,12.80
15-April-2020,190.80,193.50,186.00,186.55,189.519803421208387103,412252,6098,78129918.00,118318,28.70,7.50,-4.25
13-April-2020,198.00,198.60,182.95,189.45,189.282107987844946346,299793,8292,56745451.00,101418,33.83,15.65,-8.55
9-April-2020,197.20,202.35,195.25,196.65,197.916178146463661283,194806,3121,38555259.00,36625,18.80,7.10,-0.55
8-April-2020,190.05,200.00,189.00,193.15,195.278933289094415527,192892,3791,37667744.00,32319,16.75,11.00,3.10
7-April-2020,184.10,192.60,183.20,191.90,188.805225390630632362,208061,3721,39283004.00,36432,17.51,9.40,7.80
3-April-2020,190.05,190.05,177.80,180.00,181.597991846883091625,262231,4853,47620623.00,62636,23.89,12.25,-10.05
1-April-2020,197.00,197.00,187.10,189.75,190.324920777408853462,184922,5333,35195265.00,78265,42.32,9.90,-7.25
31-March-2020,188.00,199.55,185.70,196.60,194.016319869441044471,213237,4331,41371458.00,50197,23.54,13.85,8.60
30-March-2020,180.00,187.40,179.75,184.10,184.310172065318518676,187022,4065,34470057.00,39073,20.89,7.65,4.10
27-March-2020,185.00,189.50,181.75,183.50,185.392432102532804394,219559,2877,40704577.00,34399,15.67,7.75,-1.50
26-March-2020,175.45,186.55,172.80,183.35,180.588020772812999991,223754,2648,40407292.00,49075,21.93,13.75,7.90
25-March-2020,176.00,187.50,170.40,175.15,176.576665853807230384,328060,7062,57927741.00,45893,13.99,17.10,-0.85
24-March-2020,170.00,181.70,168.45,176.55,177.129404155623298265,221098,5242,39162957.00,40508,18.32,13.25,6.55
23-March-2020,169.00,177.00,165.95,170.35,173.416279578683116357,242193,3959,42000209.00,62088,25.64,11.05,1.35
20-March-2020,165.00,185.60,162.60,179.40,175.003570687002308878,563477,6995,98610487.00,77159,13.69,23.00,14.40
19-March-2020,167.80,171.30,159.60,161.95,166.448015617452906134,347816,7944,57893283.00,105586,30.36,11.70,-5.85
18-March-2020,174.70,178.50,168.50,169.80,174.468498167198350655,281809,3792,49166793.00,75690,26.86,10.00,-4.90
17-March-2020,184.80,185.50,170.85,173.80,181.694446521096548987,347782,3610,63190058.00,84120,24.19,14.65,-11.00
16-March-2020,197.95,197.95,178.50,179.70,185.355886008723360979,221245,5913,41009063.00,96104,43.44,19.45,-18.25
13-March-2020,191.00,204.25,170.05,197.40,188.894682992364660377,418318,6976,79018046.00,75080,17.95,34.20,6.40
12-March-2020,205.90,206.60,197.75,199.20,203.716742540815609855,313238,3542,63811825.00,106653,34.05,8.85,-6.70
11-March-2020,215.00,215.00,204.90,213.15,211.842272905830402907,211289,2677,44759942.00,50334,23.82,10.10,-1.85
9-March-2020,222.45,222.45,213.20,214.25,215.832169184957959389,144741,3394,31239764.00,51051,35.27,9.25,-8.20
6-March-2020,223.00,225.80,222.85,223.55,224.122858969174374160,76657,2241,17180586.00,34141,44.54,2.95,0.55
5-March-2020,228.90,233.90,228.75,229.60,231.224115225360969069,590009,1138,136424309.00,539113,91.37,5.15,0.70
4-March-2020,227.95,229.70,222.45,228.75,225.570237297510024782,94017,2018,21207437.00,27859,29.63,7.25,0.80
3-March-2020,222.15,225.00,220.60,223.65,223.013437010516894159,89380,2775,19932941.00,36389,40.71,4.40,1.50
2-March-2020,225.00,227.00,218.50,220.75,223.779238005736493299,204306,5947,45719441.00,72076,35.28,8.50,-4.25
28-February-2020,230.80,230.80,219.65,221.10,223.904281955186986683,188115,5150,42119754.00,88534,47.06,11.15,-9.70
27-February-2020,239.95,239.95,230.75,231.60,233.073054927516957042,150380,4858,35049526.00,60940,40.52,9.20,-8.35
26-February-2020,243.00,243.10,238.50,240.00,240.018147696176318319,108168,1478,25962283.00,23552,21.77,4.60,-3.00
25-February-2020,244.95,246.55,242.35,244.15,244.378411126330207565,94910,3127,23193955.00,27472,28.95,4.20,-0.80
24-February-2020,245.00,247.70,242.50,244.20,245.487788660716569061,78206,2214,19198618.00,27893,35.67,5.20,-0.80
20-February-2020,247.60,248.85,245.10,245.55,246.430722579307484967,77168,1728,19016566.00,30242,39.19,3.75,-2.05
19-February-2020,244.55,248.20,244.55,247.55,246.797664038089570004,67210,1687,16587271.00,30988,46.11,3.65,3.00
18-February-2020,243.75,244.80,241.20,244.10,242.872123866510394176,48633,628,11811600.00,15822,32.53,3.60,0.35
17-February-2020,243.00,244.85,242.00,243.75,243.294609316303531179,42592,883,10362404.00,18642,43.77,2.85,0.75
14-February-2020,243.75,245.20,242.15,243.00,242.940487482815248776,478622,1410,116276662.00,428175,89.46,3.05,-0.75
13-February-2020,245.10,245.95,242.55,243.75,243.862873997834852597,63737,904,15543088.00,33232,52.14,3.40,-1.35
12-February-2020,241.15,247.00,241.15,244.60,244.785106889572951920,117598,1612,28786239.00,55707,47.37,5.85,3.45
11-February-2020,240.55,242.80,239.95,241.15,241.198210961374094065,85409,1248,20600498.00,33879,39.67,2.85,0.60
10-February-2020,245.00,245.50,239.55,241.00,241.455739642714152256,52451,1939,12664595.00,18286,34.86,5.95,-4.00
7-February-2020,246.20,246.95,243.00,244.00,244.586351569166587655,84376,1443,20637218.00,31825,37.72,3.95,-2.20
6-February-2020,242.30,245.80,241.70,243.60,243.945078057884290665,67514,1349,16469708.00,17770,26.32,4.10,1.30
5-February-2020,241.85,243.00,237.50,242.30,240.418413167299056932,117807,2810,28322972.00,41802,35.48,5.50,0.45
4-February-2020,238.30,241.15,237.90,240.25,239.529285079422958590,87758,5128,21020611.00,37655,42.91,3.25,1.95
3-February-2020,237.90,240.10,235.30,237.45,237.411757379499314983,96348,2487,22874148.00,30195,31.34,4.80,-0.45
1-February-2020,237.45,239.50,234.50,236.05,236.151736705868188758,182731,2824,43152243.00,27360,14.97,5.00,-1.40
31-January-2020,240.00,240.00,235.05,236.80,237.057380317282044082,178075,3655,42213993.00,67497,37.90,4.95,-3.20
30-January-2020,246.70,246.95,240.30,240.80,242.301421174396827145,54462,1502,13196220.00,31393,57.64,6.65,-5.90
29-January-2020,244.75,247.35,243.30,246.70,246.052441669159437630,53488,1557,13160853.00,18449,34.49,4.05,1.95
28-January-2020,247.45,247.45,241.95,244.05,243.351196622531271648,76507,1581,18618070.00,25451,33.27,5.50,-3.40
27-January-2020,248.95,248.95,244.85,245.30,245.629551063699594101,49027,1330,12042480.00,19436,39.64,4.10,-3.65
24-January-2020,249.85,249.85,246.35,247.55,247.893504780745136828,54594,1620,13533498.00,22748,41.67,3.50,-2.30
23-January-2020,246.05,249.15,245.50,248.75,247.713958470316244936,47147,1388,11678970.00,19307,40.95,3.65,2.70
22-January-2020,247.35,251.80,245.45,246.05,248.339277001552450654,90180,2022,22395236.00,28957,32.11,6.35,-1.30
21-January-2020,248.75,248.75,246.25,247.05,247.158190484519853069,45736,1493,11304027.00,15144,33.11,2.50,-1.70
20-January-2020,251.45,251.45,247.30,248.00,248.428041837680391897,67977,1542,16887393.00,25141,36.98,4.15,-3.45
17-January-2020,252.70,253.75,250.00,251.00,251.830849923648193639,105433,1991,26551282.00,23542,22.33,3.75,-1.70
16-January-2020,249.50,252.50,247.20,250.25,250.071594229213779897,726972,4756,181795047.00,557268,76.66,5.30,0.75
15-January-2020,253.05,255.30,246.65,248.15,248.587790018520696947,365537,6931,90868035.00,112622,30.81,8.65,-4.90
14-January-2020,257.00,258.30,254.75,257.15,256.616136616755352060,193944,3724,49769160.00,65204,33.62,3.55,0.15
13-January-2020,253.55,257.85,253.00,254.90,255.538817097651374579,210719,2579,53846884.00,56640,26.88,4.85,1.35
10-January-2020,254.00,255.10,251.00,251.75,253.260681297361132590,71129,1243,18014179.00,15338,21.56,4.10,-2.25
9-January-2020,255.00,256.50,252.85,253.60,254.088497377173164748,103133,2537,26204909.00,25873,25.09,3.65,-1.40
8-January-2020,254.00,256.25,252.75,254.70,254.570215170377391161,109727,1797,27933226.00,25534,23.27,3.50,0.70
7-January-2020,253.40,256.20,250.30,255.20,253.741837856014796043,166531,1865,42255882.00,60761,36.49,5.90,1.80
6-January-2020,251.85,254.40,250.15,252.15,252.232523338263060366,171071,2169,43149670.00,55650,32.53,4.25,0.30
3-January-2020,249.00,252.70,247.50,250.80,251.084194235755409393,173171,2632,43480501.00,40485,23.38,5.20,1.80
2-January-2020,248.70,249.90,246.05,248.25,248.469553506681860561,48265,856,11992383.00,13350,27.66,3.85,-0.45
1-January-2020,247.00,248.55,245.95,247.75,247.871770905139679164,85589,788,21215097.00,37654,43.99,2.60,0.75
